Salary Estimate,Annual Salary,Job Title,Experience,Education,Position,Company Name,Location,Rating,Is Remote,Company Old,Company Size,Founded,Type of Ownership,Industry,Sector,Revenue,Career Opportunities,Comp & Benefits,Culture & Values,Senior Management,Work Life Balance,Time Unit,Scale_Company_Size,Scale_Revenue
"$89,096 /yr (est.)",89096.0,Artificial Intelligence and Cybersecurity Researcher,8.0,1,-1,Argonne National Laboratory,LA,4.4,0,77.0,1001 to 5000 Employees,1946,Government,Research & Development,Management & Consulting,Unknown / Non-Applicable,3.9,4.0,4.2,3.9,4.3,yr,5.0,4.5
"$125,100 /yr (est.)",125100.0,Assistant Research Scientist AI Ethics Center for Human Compatible Artificial Intelligence,0.0,1,0,University of California Berkeley,LA,4.2,0,30.8125,-1,-1,Private,-1,-1,-1,4.0,3.7,4.2,4.2,4.2,yr,3.5,4.5
"$105,086 /yr (est.)",105086.0,Artificial intelligence / Machine Learning Engineer,8.0,1,1,Cotocus,LA,4.4,0,30.8125,-1,-1,Private,-1,-1,-1,4.4,4.2,4.1,4.3,4.2,yr,3.5,4.5
"$135,046 /yr (est.)",135046.0,Artificial Intelligence Performance Engineer,5.0,1,-1,"Advanced Micro Devices, Inc",LA,4.2,0,54.0,10000+ Employees,1969,Public,Computer Hardware Development,Information Technology,$10+ billion (USD),4.2,3.7,4.2,3.9,3.9,yr,7.0,9.0
"$117,948 /yr (est.)",117948.0,Artificial Intelligence - Computational Linguist,0.0,2,-1,VASS IT,LA,3.8,0,30.8125,-1,-1,Private,-1,-1,-1,3.4,3.0,3.1,3.0,3.6,yr,3.5,4.5
"$40,000 /yr (est.)",40000.0,Content Writer,5.0,1,1,Beyond Marketing,Remote,3.972727272727272,1,30.8125,-1,-1,Private,-1,-1,-1,3.8363636363636364,3.7409090909090907,3.9181818181818184,3.6727272727272724,3.7818181818181817,yr,3.5,4.5
"$94,291 /yr (est.)",94291.0,Post Doctoral Fellow - Artificial Intelligence/Machine Learning,0.0,1,0,Emory University,LA,4.2,0,49.0,10000+ Employees,1974,College / University,Colleges & Universities,Education,$1 to $5 billion (USD),3.9,3.7,4.1,3.7,4.0,yr,7.0,7.0
"$75,000 /yr (est.)",75000.0,Support Engineer - Commercial,0.0,1,-1,Lambda,Remote,4.0,1,30.8125,-1,-1,Private,-1,-1,-1,4.1,4.0,4.1,3.6,3.8,yr,3.5,4.5
"$93,468 /yr (est.)",93468.0,Machine Learning Engineer / A.I. - USA Based Remote,0.0,1,-1,"Gaea Global Technologies, In",LA,4.7,0,16.0,51 to 200 Employees,2007,Private,Business Consulting,Management & Consulting,$1 to $5 million (USD),4.4,4.3,4.6,4.5,4.2,yr,2.0,2.0
$55.00 /hr (est.),114400.0,Machine Learning Engineer,10.0,2,-1,Wisdom Soft Inc,LA,5.0,0,30.8125,-1,-1,Private,-1,-1,-1,5.0,4.5,4.7,5.0,5.0,hr,3.5,4.5
"$151,450 /yr (est.)",151450.0,Staff Machine Learning Engineer,5.0,1,1,eHealth,Remote,3.0,1,26.0,1001 to 5000 Employees,1997,Public,Insurance Agencies & Brokerages,Insurance,$100 to $500 million (USD),2.7,3.5,2.9,2.7,3.0,yr,5.0,6.0
"$175,000 /yr (est.)",175000.0,Machine Learning Engineer (Remote),2.0,2,1,Curai,LA,4.5,0,6.0,51 to 200 Employees,2017,Private,Hospitals & Health Clinics,Healthcare,Unknown / Non-Applicable,4.2,4.2,4.5,4.1,4.2,yr,2.0,4.5
"$190,000 /yr (est.)",190000.0,Lead Machine Learning Engineer,5.0,2,1,kea,Remote,4.5,1,5.0,1 to 50 Employees,2018,Private,Enterprise Software & Network Solutions,Information Technology,Unknown / Non-Applicable,4.4,4.3,5.0,4.4,4.0,yr,1.0,4.5
"$140,566 /yr (est.)",140566.0,Machine Learning Engineer,3.9166666666666665,-1,-1,Sian Consulting Group,LA,3.972727272727272,0,30.8125,-1,-1,Private,-1,-1,-1,3.8363636363636364,3.7409090909090907,3.9181818181818184,3.6727272727272724,3.7818181818181817,yr,3.5,4.5
"$86,500 /yr (est.)",86500.0,Machine Learning Engineer L-1,0.0,2,-1,Lauretta AI LLC,LA,3.0,0,7.0,1 to 50 Employees,2016,Private,Information Technology Support Services,Information Technology,Less than $1 million (USD),3.0,3.0,3.0,2.0,2.0,yr,1.0,1.0
"$205,000 /yr (est.)",205000.0,Senior Machine Learning Engineer,0.0,2,-1,Lambda,Remote,4.0,1,30.8125,-1,-1,Private,-1,-1,-1,4.1,4.0,4.1,3.6,3.8,yr,3.5,4.5
$60.00 /hr (est.),124800.0,"Immediate need of Python Machine Learning Engineer, 3-6 monthS /(C2H), Remo",5.0,2,1,LotusData,Remote,3.972727272727272,1,30.8125,-1,-1,Private,-1,-1,-1,3.8363636363636364,3.7409090909090907,3.9181818181818184,3.6727272727272724,3.7818181818181817,hr,3.5,4.5
"$97,500 /yr (est.)",97500.0,Quality Assurance Engineer,5.0,1,1,Yay Lunch,Remote,4.4,1,5.0,201 to 500 Employees,2018,Private,Catering & Food Service Contractors,Restaurants & Food Service,$1 to $5 million (USD),4.0,4.2,4.7,4.4,4.7,yr,3.0,2.0
"$112,287 /yr (est.)",112287.0,"Sr. Engineer I, Data Engineering",3.0,2,-1,Oak Street Health,LA,3.7,0,11.0,1001 to 5000 Employees,2012,Public,Health Care Services & Hospitals,Healthcare,Unknown / Non-Applicable,3.8,3.7,3.8,3.4,3.5,yr,5.0,4.5
"$122,736 /yr (est.)",122736.0,Cloud Data Engineer-DBA,8.0,2,1,Locate Software,Remote,3.972727272727272,1,30.8125,-1,-1,Private,-1,-1,-1,3.8363636363636364,3.7409090909090907,3.9181818181818184,3.6727272727272724,3.7818181818181817,yr,3.5,4.5
$72.50 /hr (est.),150800.0,Data Engineering Manager,11.0,2,1,Sansutek,Remote,3.972727272727272,1,30.8125,-1,-1,Private,-1,-1,-1,3.8363636363636364,3.7409090909090907,3.9181818181818184,3.6727272727272724,3.7818181818181817,hr,3.5,4.5
"$170,000 /yr (est.)",170000.0,Director of Data Engineering,3.9166666666666665,-1,-1,"SalesIntel Research, Inc.",Remote,3.2,1,5.0,51 to 200 Employees,2018,Private,Information Technology Support Services,Information Technology,Unknown / Non-Applicable,2.9,3.1,3.1,2.9,3.2,yr,2.0,4.5
"$100,955 /yr (est.)",100955.0,Data Engineer,3.9166666666666665,-1,-1,Adtalem Global Education,Remote,3.5,1,92.0,10000+ Employees,1931,Public,Colleges & Universities,Education,Unknown / Non-Applicable,3.3,3.3,3.4,3.1,3.7,yr,7.0,4.5
"$123,984 /yr (est.)",123984.0,Data Scientist,5.0,1,1,Northrop Grumman Federal Credit Union (NGFCU),Remote,2.6,1,77.0,51 to 200 Employees,1946,Nonprofit Organization,Banking & Lending,Financial Services,$25 to $100 million (USD),2.3,2.5,2.1,2.2,2.3,yr,2.0,4.5
"$110,000 /yr (est.)",110000.0,Azure Data Engineer,2.0,1,-1,ArchsystemInc,Remote,4.1,1,17.0,51 to 200 Employees,2006,Private,Information Technology Support Services,Information Technology,$5 to $25 million (USD),4.3,4.1,4.3,4.3,4.2,yr,2.0,3.0
"$90,000 /yr (est.)",90000.0,Data Engineer,3.0,1,-1,Green Street,Remote,4.4,1,38.0,201 to 500 Employees,1985,Private,Investment & Asset Management,Financial Services,$100 to $500 million (USD),4.4,3.7,4.3,4.0,4.0,yr,3.0,6.0
"$85,000 /yr (est.)",85000.0,UX/UI (Jr.-Mid),4.0,2,-1,RS21,Remote,3.6,1,8.0,51 to 200 Employees,2015,Private,Business Consulting,Management & Consulting,Unknown / Non-Applicable,3.7,3.6,3.7,3.6,3.4,yr,2.0,4.5
"$79,578 /yr (est.)",79578.0,BARDA Fellowship Opportunities in Medical Countermeasures Research & Development,4.0,1,0,-1,LA,4.033333333333333,0,46.18181818181818,-1,-1,Private,-1,-1,-1,3.81875,3.74375,3.8750000000000004,3.7312499999999997,3.9375,yr,4.454545454545454,7.5
$23.50 /hr (est.),48880.0,Hybrid Administrative Assistant,3.0,1,0,"Supporting Strategies - Merrimack Valley and Southern Maine
3.8",LA,3.8,0,19.0,51 to 200 Employees,2004,Franchise,Accounting & Tax,Financial Services,$1 to $5 million (USD),3.4,3.1,3.7,3.7,4.1,hr,2.0,2.0
"$76,940 /yr (est.)",76940.0,Associate Engineer,0.0,2,0,"ConverseNow Technologies
4.6",LA,4.6,0,5.0,51 to 200 Employees,2018,Private,Enterprise Software & Network Solutions,Information Technology,Unknown / Non-Applicable,4.7,4.6,4.7,4.9,4.6,yr,2.0,7.5
"$99,893 /yr (est.)",99893.0,Solutions Engineer - USA,0.0,1,0,"INGENIOUS.BUILD
4.5",LA,4.5,0,7.0,51 to 200 Employees,2016,Private,Enterprise Software & Network Solutions,Information Technology,Unknown / Non-Applicable,4.5,4.4,4.5,4.3,4.3,yr,2.0,7.5
"$50,000 /yr (est.)",50000.0,Real Estate Office Assistant,2.0,2,0,"Bluelofts Inc.
5.0",LA,5.0,0,46.18181818181818,-1,-1,Private,-1,-1,-1,5.0,5.0,5.0,5.0,5.0,yr,4.454545454545454,7.5
"$97,500 /yr (est.)",97500.0,Personal Lines Producer,0.0,2,1,Heaton Bennett Insurance,Remote,4.033333333333333,1,46.18181818181818,-1,-1,Private,-1,-1,-1,3.81875,3.74375,3.8750000000000004,3.7312499999999997,3.9375,yr,4.454545454545454,7.5
"$89,399 /yr (est.)",89399.0,Senior Conversational AI and VUI Designer & Developer,2.0,2,1,"Rulai, Inc.
2.7",LA,2.7,0,46.18181818181818,-1,-1,Private,-1,-1,-1,1.4,2.3,2.4,2.4,4.6,yr,4.454545454545454,7.5
"$143,815 /yr (est.)",143815.0,Senior Voice Solutions Architect,5.0,1,1,"Boost AI
4.1",LA,4.1,0,46.18181818181818,-1,-1,Private,-1,-1,-1,3.9,3.8,3.9,3.8,3.9,yr,4.454545454545454,7.5
"$182,400 /yr (est.)",182400.0,Software Developer â€“ Data Platform - Watson Orders,3.0,1,-1,IBM,LA,4.0,0,112.0,10000+ Employees,1911,Public,Information Technology Support Services,Information Technology,$10+ billion (USD),3.9,3.7,4.0,3.5,4.0,yr,7.0,9.0
"$118,500 /yr (est.)",118500.0,Implementation Manager,2.0,1,1,Moveworks.ai,Remote,3.8,1,7.0,501 to 1000 Employees,2016,Private,Enterprise Software & Network Solutions,Information Technology,Unknown / Non-Applicable,3.8,4.0,3.7,3.6,3.3,yr,4.0,7.5
$53.00 /hr (est.),110240.0,Drupal Web Developer,8.0,1,-1,ePATHUSA Inc,LA,3.4,0,46.18181818181818,-1,-1,Private,-1,-1,-1,3.1,2.9,2.9,3.2,3.2,hr,4.454545454545454,7.5
"$73,572 /yr (est.)",73572.0,RPA Developer - Solution Analyst,1.0,1,-1,Deloitte,LA,4.1,0,173.0,10000+ Employees,1850,Private,Accounting & Tax,Financial Services,$10+ billion (USD),4.3,3.8,4.0,3.8,3.3,yr,7.0,9.0
$70.45 /hr (est.),146536.0,Omni Channel developer,1.0,1,1,Formac Inc,Remote,4.2,1,10.0,51 to 200 Employees,2013,Private,Information Technology Support Services,Information Technology,Unknown / Non-Applicable,4.1,3.7,3.9,4.1,3.9,hr,2.0,7.5
"$94,456 /yr (est.)",94456.0,Drupal developer,8.0,1,-1,Intone Networks,LA,4.3,0,46.18181818181818,-1,-1,Private,-1,-1,-1,4.3,4.2,4.2,3.6,4.2,yr,4.454545454545454,7.5
"$130,000 /yr (est.)",130000.0,Lead Front-End Developer,8.0,1,1,Nutrafol,LA,3.4,0,10.0,51 to 200 Employees,2013,Self-employed,Beauty & Wellness,Personal Consumer Services,Unknown / Non-Applicable,3.4,4.0,3.8,3.4,3.3,yr,2.0,7.5
"$105,524 /yr (est.)",105524.0,Genesys Developer,0.0,-1,-1,PRO IT,LA,5.0,0,46.18181818181818,-1,-1,Private,-1,-1,-1,3.81875,3.74375,3.8750000000000004,3.7312499999999997,3.9375,yr,4.454545454545454,7.5
$87.50 /hr (est.),182000.0,Technical Consultant - I,6.0,1,-1,Strivernet RPO Services Ltd,Remote,4.033333333333333,1,46.18181818181818,-1,-1,Private,-1,-1,-1,3.81875,3.74375,3.8750000000000004,3.7312499999999997,3.9375,hr,4.454545454545454,7.5
"$87,258 /yr (est.)",87258.0,AWS / ML Consultant,0.0,1,1,Cognizant,LA,3.8,0,29.0,10000+ Employees,1994,Public,Information Technology Support Services,Information Technology,$10+ billion (USD),3.7,3.4,3.7,3.4,3.6,yr,7.0,9.0
"$192,000 /yr (est.)",192000.0,"Data, AI & Automation Senior Managing Consultant",10.0,2,1,IBM,LA,4.0,0,112.0,10000+ Employees,1911,Public,Information Technology Support Services,Information Technology,$10+ billion (USD),3.9,3.7,4.0,3.5,4.0,yr,7.0,9.0
"$79,816 /yr (est.)",79816.0,E T Consultant,10.0,1,1,World Bank Group,LA,4.1,0,46.18181818181818,-1,-1,Private,-1,-1,-1,3.81875,3.74375,3.8750000000000004,3.7312499999999997,3.9375,yr,4.454545454545454,7.5
$24.00 /hr (est.),49920.0,"PT Field Consultant I - Monterey/Santa Cruz County, CA",0.0,1,1,EXL Services,LA,3.8,0,24.0,10000+ Employees,1999,Public,Business Consulting,Management & Consulting,$500 million to $1 billion (USD),3.7,3.3,3.6,3.5,3.7,hr,7.0,7.0
"$117,500 /yr (est.)",117500.0,Data Science Consultant Level II,5.0,2,1,Pandata,Remote,4.033333333333333,1,46.18181818181818,-1,-1,Private,-1,-1,-1,3.81875,3.74375,3.8750000000000004,3.7312499999999997,3.9375,yr,4.454545454545454,7.5
"$90,997 /yr (est.)",90997.0,Sr. Data Strategist,2.8666666666666667,-1,-1,"Wheels, Inc.",LA,3.4,0,84.0,501 to 1000 Employees,1939,Private,Taxi & Car Services,Transportation & Logistics,$1 to $5 billion (USD),3.2,2.9,3.7,3.3,3.1,yr,4.0,7.0
$43.50 /hr (est.),90480.0,CONTENT STRATEGIST II (HYBRID),0.0,1,-1,Cella,LA,4.4,0,35.0,201 to 500 Employees,1988,Public,HR Consulting,Human Resources & Staffing,$100 to $500 million (USD),4.5,4.1,4.7,4.5,4.8,hr,3.0,6.0
$27.69 /hr (est.),57595.2,Data Strategist,4.0,1,0,Advia Credit Union,LA,3.9,0,9.0,501 to 1000 Employees,2014,Nonprofit Organization,Banking & Lending,Financial Services,Unknown / Non-Applicable,3.5,3.8,3.9,3.4,4.2,hr,4.0,7.285714285714286
"$52,801 /yr (est.)",52801.0,Instructional Core: Testing Coordinator + Data Strategist,0.0,2,1,Chicago Public Schools,LA,3.3,0,140.0,10000+ Employees,1883,School / School District,Primary & Secondary Schools,Education,Unknown / Non-Applicable,3.6,3.7,3.1,2.7,3.0,yr,7.0,7.285714285714286
"$73,000 /yr (est.)",73000.0,"Data Strategist, Internal Audit & Compliance",5.0,1,1,Chicago Public Schools,LA,3.3,0,140.0,10000+ Employees,1883,School / School District,Primary & Secondary Schools,Education,Unknown / Non-Applicable,3.6,3.7,3.1,2.7,3.0,yr,7.0,7.285714285714286
"$119,483 /yr (est.)",119483.0,Senior Data Strategist,10.0,1,1,Johns Hopkins Applied Physics Laboratory (APL),LA,4.3,0,81.0,5001 to 10000 Employees,1942,Nonprofit Organization,Aerospace & Defense,Aerospace & Defense,$1 to $5 billion (USD),4.1,4.0,4.2,3.6,4.4,yr,6.0,7.0
"$98,515 /yr (est.)",98515.0,UX Strategist,2.8666666666666667,-1,-1,Vanguard,LA,3.7,0,48.0,10000+ Employees,1975,Private,Investment & Asset Management,Financial Services,Unknown / Non-Applicable,3.6,3.4,3.8,3.2,3.8,yr,7.0,7.285714285714286
"$82,500 /yr (est.)",82500.0,Content Strategist,5.0,1,1,Nox Health,LA,4.0,0,66.42857142857143,-1,-1,Private,-1,-1,-1,4.1,3.5,4.3,3.9,4.2,yr,5.071428571428571,7.285714285714286
"$56,222 /yr (est.)",56222.0,Content Strategist,0.0,1,1,AdShark Marketing,LA,5.0,0,66.42857142857143,-1,-1,Private,-1,-1,-1,5.0,4.5,5.0,5.0,5.0,yr,5.071428571428571,7.285714285714286
"$90,997 /yr (est.)",90997.0,Sr. Data Strategist,0.0,1,1,"Wheels, Inc.",LA,3.4,0,84.0,501 to 1000 Employees,1939,Private,Taxi & Car Services,Transportation & Logistics,$1 to $5 billion (USD),3.2,2.9,3.7,3.3,3.1,yr,4.0,7.0
$20.90 /hr (est.),43472.0,Test Publishing Quality Assurance Analyst,2.0,1,1,Pearson,LA,3.7,0,179.0,10000+ Employees,1844,Public,Publishing,Media & Communication,$5 to $10 billion (USD),3.4,3.5,3.8,3.3,4.0,hr,7.0,8.0
"$92,357 /yr (est.)",92357.0,QA Engineer - Remote,2.0,1,1,Genome,LA,3.8,0,66.42857142857143,-1,-1,Private,-1,-1,-1,3.9,3.2,3.9,3.4,3.2,yr,5.071428571428571,7.285714285714286
$62.50 /hr (est.),130000.0,Product Marketing Manager (Contractor) (Remote),3.0,2,1,Tripadvisor,LA,3.8,0,23.0,1001 to 5000 Employees,2000,Public,Internet & Web Services,Information Technology,$1 to $5 billion (USD),3.3,3.9,4.0,3.4,3.8,hr,5.0,7.0
"$100,000 /yr (est.)",100000.0,Cloud Manager,2.8666666666666667,-1,-1,4 Arrows,Remote,3.8705882352941177,1,66.42857142857143,-1,-1,Private,-1,-1,-1,3.7411764705882353,3.6647058823529415,3.929411764705882,3.529411764705882,3.841176470588235,yr,5.071428571428571,7.285714285714286
"$60,000 /yr (est.)",60000.0,Email Marketing Specialist,3.0,1,1,iMarket Solutions,Remote,3.5,1,13.0,1 to 50 Employees,2010,Private,Advertising & Public Relations,Media & Communication,Unknown / Non-Applicable,3.3,2.7,3.7,3.3,3.4,yr,1.0,7.285714285714286
"$208,000 /yr (est.)",208000.0,Lead Technical Product Manager: Transportation (Remote Option*),0.0,1,1,Nike,LA,4.2,0,51.0,10000+ Employees,1972,Public,Consumer Product Manufacturing,Manufacturing,$10+ billion (USD),3.7,3.9,4.1,3.6,3.8,yr,7.0,9.0
"$43,448 /yr (est.)",43448.0,QA Test Lead,2.0,2,1,White Hat Gaming,Remote,3.9,1,11.0,501 to 1000 Employees,2012,Private,Gambling,"Arts, Entertainment & Recreation",Unknown / Non-Applicable,3.7,4.0,3.7,3.8,4.6,yr,4.0,7.285714285714286
"$129,316 /yr (est.)",129316.0,QA Manager,7.0,2,1,Epic Games,LA,4.2,0,32.0,1001 to 5000 Employees,1991,Private,Video Game Publishing,Media & Communication,Unknown / Non-Applicable,3.9,4.6,4.1,3.6,3.9,yr,5.0,7.285714285714286
"$100,000 /yr (est.)",100000.0,Data Analyst,5.0,2,1,Network Coverage,Remote,3.3,1,27.0,51 to 200 Employees,1996,Private,Information Technology Support Services,Information Technology,$25 to $100 million (USD),3.6,3.5,3.4,3.2,3.3,yr,2.0,4.5
"$50,000 /yr (est.)",50000.0,Data Analyst,0.0,1,-1,Signals,LA,4.1,0,23.636363636363637,-1,-1,Private,-1,-1,-1,3.6,3.3,4.0,4.0,4.3,yr,3.6363636363636362,4.5
"$67,259 /yr (est.)",67259.0,Assistant Data Analyst/Data Analyst,0.0,1,1,AIPSO,LA,3.9,0,51.0,201 to 500 Employees,1972,Private,Insurance Agencies & Brokerages,Insurance,Unknown / Non-Applicable,3.4,3.4,3.9,3.3,4.7,yr,3.0,4.5
$75.00 /hr (est.),156000.0,Data / Information Management Analyst,10.0,1,0,Techsara solutions,LA,4.012499999999999,0,23.636363636363637,-1,-1,Private,-1,-1,-1,3.8874999999999997,3.8499999999999996,4.00625,3.7687500000000003,3.86875,hr,3.6363636363636362,4.5
"$84,643 /yr (est.)",84643.0,Data Analyst,3.6,-1,-1,"Kyocera International, Inc.",LA,3.2,0,64.0,10000+ Employees,1959,Public,Electronics Manufacturing,Manufacturing,$10+ billion (USD),2.9,3.0,3.2,2.8,3.1,yr,7.0,9.0
"$117,300 /yr (est.)",117300.0,Data Analyst,3.6,-1,-1,Tencent,LA,4.0,0,25.0,10000+ Employees,1998,Public,Internet & Web Services,Information Technology,Unknown / Non-Applicable,4.0,4.1,3.9,3.7,3.3,yr,7.0,4.5
"$62,500 /yr (est.)",62500.0,Junior Data Analyst,0.0,1,-1,Integrated Real Estate Group,LA,4.1,0,20.0,1001 to 5000 Employees,2003,Private,Real Estate,Real Estate,Unknown / Non-Applicable,4.1,3.9,4.1,4.0,3.9,yr,5.0,4.5
"$55,965 /yr (est.)",55965.0,Jr. Data Analyst ( Full Time ),3.6,-1,-1,RSA Tech,LA,5.0,0,23.636363636363637,-1,-1,Private,-1,-1,-1,5.0,5.0,4.8,5.0,5.0,yr,3.6363636363636362,4.5
"$52,000 /yr (est.)",52000.0,Compliance Data Analyst I,0.0,1,-1,Flagship Credit Acceptance,LA,4.0,0,13.0,1001 to 5000 Employees,2010,Private,Banking & Lending,Financial Services,Unknown / Non-Applicable,3.7,3.8,4.0,4.0,4.1,yr,5.0,4.5
$37.50 /hr (est.),78000.0,Data Analyst,5.0,2,-1,Advize Health LLC,Remote,3.9,1,23.636363636363637,-1,-1,Private,-1,-1,-1,4.1,3.8,4.0,4.0,4.0,hr,3.6363636363636362,4.5
$55.00 /hr (est.),114400.0,Machine Learning Engineer,10.0,2,-1,Wisdom Soft Inc,LA,5.0,0,23.636363636363637,-1,-1,Private,-1,-1,-1,5.0,4.5,4.7,5.0,5.0,hr,3.6363636363636362,4.5
"$140,566 /yr (est.)",140566.0,Machine Learning Engineer,7.0,1,-1,Sian Consulting Group,LA,4.012499999999999,0,23.636363636363637,-1,-1,Private,-1,-1,-1,3.8874999999999997,3.8499999999999996,4.00625,3.7687500000000003,3.86875,yr,3.6363636363636362,4.5
"$86,500 /yr (est.)",86500.0,Machine Learning Engineer L-1,3.6,-1,-1,Lauretta AI LLC,LA,3.0,0,7.0,1 to 50 Employees,2016,Private,Information Technology Support Services,Information Technology,Less than $1 million (USD),3.0,3.0,3.0,2.0,2.0,yr,1.0,1.0
"$205,000 /yr (est.)",205000.0,Senior Machine Learning Engineer,0.0,2,-1,Lambda,Remote,4.0,1,23.636363636363637,-1,-1,Private,-1,-1,-1,4.1,4.0,4.1,3.6,3.8,yr,3.6363636363636362,4.5
$60.00 /hr (est.),124800.0,"Immediate need of Python Machine Learning Engineer, 3-6 monthS /(C2H), Remo",5.0,2,1,LotusData,Remote,4.012499999999999,1,23.636363636363637,-1,-1,Private,-1,-1,-1,3.8874999999999997,3.8499999999999996,4.00625,3.7687500000000003,3.86875,hr,3.6363636363636362,4.5
"$134,741 /yr (est.)",134741.0,Lead Game Designer,0.0,1,1,PlayStation Global,LA,3.9,0,29.0,5001 to 10000 Employees,1994,Subsidiary or Business Segment,Video Game Publishing,Media & Communication,$10+ billion (USD),3.4,3.7,3.9,3.4,3.7,yr,6.0,9.0
$42.48 /hr (est.),88358.4,"Combat Designer, Player Abilities - Unannounced Survival Game",3.0,1,0,Blizzard Entertainment,LA,3.6,0,32.0,1001 to 5000 Employees,1991,Subsidiary or Business Segment,Video Game Publishing,Media & Communication,$1 to $5 billion (USD),3.3,3.2,3.5,2.9,3.8,hr,5.0,7.0
"$80,000 /yr (est.)",80000.0,Game Systems Designer,3.0,1,-1,Bit Fry Game Studios. Inc,Remote,3.9538461538461536,1,25.666666666666668,-1,-1,Private,-1,-1,-1,3.5759999999999996,3.7479999999999993,3.9440000000000004,3.588,3.9760000000000004,yr,4.285714285714286,5.7894736842105265
"$83,267 /yr (est.)",83267.0,Game Designer,2.5,-1,-1,Las Vegas Sands Corp.,LA,4.0,0,19.0,10000+ Employees,2004,Public,Hotels & Resorts,Hotels & Travel Accommodation,$10+ billion (USD),3.3,4.2,3.7,3.7,3.4,yr,7.0,9.0
"$134,400 /yr (est.)",134400.0,Senior Game Designer (Economy),2.5,-1,-1,Electronic Arts,LA,4.0,0,41.0,10000+ Employees,1982,Public,Video Game Publishing,Media & Communication,$5 to $10 billion (USD),3.8,3.8,4.1,3.6,4.0,yr,7.0,8.0
"$122,826 /yr (est.)",122826.0,Senior Game Designer,2.5,-1,-1,PlayStation Global,LA,3.9,0,29.0,5001 to 10000 Employees,1994,Subsidiary or Business Segment,Video Game Publishing,Media & Communication,$10+ billion (USD),3.4,3.7,3.9,3.4,3.7,yr,6.0,9.0
"$88,500 /yr (est.)",88500.0,Technical Game Designer,0.0,2,-1,thatgamecompany,LA,5.0,0,25.666666666666668,-1,-1,Private,-1,-1,-1,4.7,5.0,5.0,5.0,5.0,yr,4.285714285714286,5.7894736842105265
"$61,982 /yr (est.)",61982.0,"Live Service Game Designer (Systems, Content, Narrative)",0.0,2,-1,BIGBOX VR,LA,3.9538461538461536,0,25.666666666666668,-1,-1,Private,-1,-1,-1,3.5759999999999996,3.7479999999999993,3.9440000000000004,3.588,3.9760000000000004,yr,4.285714285714286,5.7894736842105265
"$52,500 /yr (est.)",52500.0,Junior Programmer,0.0,1,0,Sharetec,LA,5.0,0,30.0,51 to 200 Employees,1993,Private,Software Development,Information Technology,Unknown / Non-Applicable,5.0,4.0,5.0,5.0,5.0,yr,2.0,5.7894736842105265
"$104,450 /yr (est.)",104450.0,Gameplay Programmer: Ambient Population (All Levels),2.0,1,0,Rockstar Games San Diego & Toronto,LA,4.3,0,25.0,1001 to 5000 Employees,1998,Subsidiary or Business Segment,Video Game Publishing,Media & Communication,$5 to $25 million (USD),4.1,4.3,4.2,3.9,4.0,yr,5.0,3.0
"$173,500 /yr (est.)",173500.0,Gameplay Programmer - Twisted Pixel Games,3.0,1,-1,Oculus,Remote,3.9,1,19.0,10000+ Employees,2004,Public,Internet & Web Services,Information Technology,$10+ billion (USD),4.0,4.6,3.7,3.3,3.6,yr,7.0,9.0
"$215,000 /yr (est.)",215000.0,"Rendering / Graphics Programmer (Unannounced AAA Game, UE5)",3.0,2,-1,Yotta Games,LA,2.6,0,25.666666666666668,-1,-1,Private,-1,-1,-1,2.8,3.3,2.6,2.5,2.4,yr,4.285714285714286,5.7894736842105265
"$51,659 /yr (est.)",51659.0,"Unity Game Programmer, TRADOC G-2",2.5,-1,-1,Yorktown Systems Group,LA,4.2,0,25.666666666666668,-1,-1,Private,-1,-1,-1,3.3,4.2,4.2,4.0,3.8,yr,4.285714285714286,5.7894736842105265
"$97,428 /yr (est.)",97428.0,Gameplay Programmer - DUNE,2.5,-1,-1,Funcom,LA,3.3,0,30.0,201 to 500 Employees,1993,Private,Video Game Publishing,Media & Communication,$5 to $25 million (USD),3.0,3.0,3.4,2.8,3.4,yr,3.0,3.0
"$78,839 /yr (est.)",78839.0,UI Programmer,2.5,-1,-1,Ember Lab,LA,3.1,0,25.666666666666668,-1,-1,Private,-1,-1,-1,1.7,3.1,3.3,3.3,5.0,yr,4.285714285714286,5.7894736842105265
"$81,936 /yr (est.)",81936.0,Graphics Programmer,3.0,1,-1,PlayStation Global,LA,3.9,0,29.0,5001 to 10000 Employees,1994,Subsidiary or Business Segment,Video Game Publishing,Media & Communication,$10+ billion (USD),3.4,3.7,3.9,3.4,3.7,yr,6.0,9.0
"$60,000 /yr (est.)",60000.0,3D Character Artist,3.0,2,1,Spacetime Studios,Remote,3.9538461538461536,1,25.666666666666668,-1,-1,Private,-1,-1,-1,3.5759999999999996,3.7479999999999993,3.9440000000000004,3.588,3.9760000000000004,yr,4.285714285714286,5.7894736842105265
"$37,865 /yr (est.)",37865.0,Audio Artist 2 - Commentary Recording Engineer (Contract),0.0,2,-1,Electronic Arts,LA,4.0,0,41.0,10000+ Employees,1982,Public,Video Game Publishing,Media & Communication,$5 to $10 billion (USD),3.8,3.8,4.1,3.6,4.0,yr,7.0,8.0
"$70,051 /yr (est.)",70051.0,3D Environment Artist (mid-level),5.0,1,1,Super Evil Megacorp,LA,3.8,0,11.0,51 to 200 Employees,2012,Private,Video Game Publishing,Media & Communication,$5 to $25 million (USD),3.8,3.3,3.9,3.7,3.7,yr,2.0,3.0
$37.50 /hr (est.),78000.0,Creative Production Artist,0.0,2,-1,Midnight Oil,LA,2.8,0,45.0,201 to 500 Employees,1978,Private,Advertising & Public Relations,Media & Communication,$25 to $100 million (USD),2.6,3.0,3.0,2.4,2.9,hr,3.0,5.7894736842105265
"$49,000 /yr (est.)",49000.0,Junior 3D Artist [mobile video games],2.0,1,0,FUN-GI GAMES,LA,3.9538461538461536,0,9.0,1 to 50 Employees,2014,Private,Video Game Publishing,Media & Communication,$1 to $5 million (USD),3.5759999999999996,3.7479999999999993,3.9440000000000004,3.588,3.9760000000000004,yr,1.0,2.0
"$62,566 /yr (est.)",62566.0,Character Artist,2.5,-1,-1,Arkane Studios,LA,3.4,0,25.666666666666668,-1,-1,Private,-1,-1,-1,3.1,3.9,3.8,3.4,3.9,yr,4.285714285714286,5.7894736842105265
"$91,842 /yr (est.)",91842.0,Unity Game Developer,3.0,1,-1,TapBlaze,LA,5.0,0,11.0,1 to 50 Employees,2012,Private,Video Game Publishing,Media & Communication,$1 to $5 million (USD),3.5759999999999996,3.7479999999999993,3.9440000000000004,3.588,3.9760000000000004,yr,1.0,2.0
"$107,336 /yr (est.)",107336.0,Technical Game Designer,2.5,-1,-1,Funovus,LA,3.9538461538461536,0,25.666666666666668,-1,-1,Private,-1,-1,-1,3.5759999999999996,3.7479999999999993,3.9440000000000004,3.588,3.9760000000000004,yr,4.285714285714286,5.7894736842105265
"$83,491 /yr (est.)",83491.0,Lead Technical Animator,5.0,1,1,Ubisoft,LA,3.8,0,37.0,10000+ Employees,1986,Public,Video Game Publishing,Media & Communication,$1 to $5 billion (USD),3.6,3.1,3.9,3.3,4.2,yr,7.0,7.0
"$112,500 /yr (est.)",112500.0,SENIOR CHARACTER ANIMATOR,5.0,2,1,Evil Eye Pictures,LA,4.9,0,19.0,1 to 50 Employees,2004,Private,Film Production,Media & Communication,$5 to $25 million (USD),4.5,4.4,4.9,4.7,4.9,yr,1.0,3.0
"$65,147 /yr (est.)",65147.0,Senior Animator (Onsite/Remote),5.0,1,1,"Impact Recruiting, LLC",LA,5.0,0,16.0,1 to 50 Employees,2007,Private,Advertising & Public Relations,Media & Communication,Less than $1 million (USD),4.4,4.7,5.0,5.0,5.0,yr,1.0,1.0
"$41,657 /yr (est.)",41657.0,Junior Rigger,0.0,2,0,SuperGenius,LA,5.0,0,25.666666666666668,-1,-1,Private,-1,-1,-1,4.8,4.5,5.0,4.5,4.8,yr,4.285714285714286,5.7894736842105265
"$89,760 /yr (est.)",89760.0,Lead Animator,5.0,2,1,Warner Bros. Discovery,LA,3.8,0,20.0,10000+ Employees,2003,Public,Film Production,Media & Communication,$10+ billion (USD),3.3,3.6,3.6,3.2,3.6,yr,7.0,9.0
"$140,000 /yr (est.)",140000.0,"Lead Animator, P12",5.0,2,1,"Cryptic Studios, Inc.",LA,3.4,0,23.0,51 to 200 Employees,2000,Subsidiary or Business Segment,Video Game Publishing,Media & Communication,$5 to $25 million (USD),3.1,3.1,3.7,3.0,4.0,yr,2.0,3.0
"$130,000 /yr (est.)",130000.0,Technical Animator,2.5,-1,-1,Paradox Interactive,LA,3.2,0,24.0,501 to 1000 Employees,1999,Public,Video Game Publishing,Media & Communication,$100 to $500 million (USD),3.2,2.5,3.3,2.7,3.9,yr,4.0,6.0
